Workbook

Sheet Sheet1
D1: 375 | L1: 1000
B3: 구분 | C3: 25YTD | D3: 24YTD | E3: YTD YoY | J3: 구분 | K3: 25 Total | L3: 24 Total | M3: Total YoY | P3: 24 Total | Q3: 24.12월
B4: 1.TAG매출 | C4: 36577 | D4: =+P4-Q4+3572.97012 -> 30726 | E4: =+C4-D4 -> 5851 | J4: 1.TAG매출 | K4: 44786 | L4: =+L5+L6+L7+L8+L9 -> 30840.226 | M4: =+K4-L4 -> 13945.774 | P4: 30840.226 | Q4: 3687.1963
B5: Ecommerce (US) | C5: 30458 | D5: =+P5-Q5+3572.97012 -> 21606.992 | E5: =+C5-D5 -> 8851.0079 | J5: Ecommerce (US) | K5: 37931 | L5: 21197.676 | M5: =+K5-L5 -> 16733.324 | P5: 21197.676 | Q5: 3163.654
B6: Ecommerce (EU) | C6: 1296 | D6: =+P6-Q6 -> 1827.979 | E6: =+C6-D6 -> -531.979 | J6: Ecommerce (EU) | K6: 1644 | L6: 2053.184 | M6: =+K6-L6 -> -409.184 | P6: 2053.184 | Q6: 225.205
B7: Wholesale | C7: 4070 | D7: =+P7-Q7 -> 6211.413 | E7: =+C7-D7 -> -2141.413 | J7: Wholesale | K7: 4228 | L7: 6396.101 | M7: =+K7-L7 -> -2168.101 | P7: 6396.101 | Q7: 184.688
B8: Other Income | C8: 70 | D8: =+P8-Q8 -> 216.33355 | E8: =+C8-D8 -> -146.33355 | J8: Other Income | K8: 201 | L8: =+L14 -> 216.33355 | M8: =+K8-L8 -> -15.33355 | P8: 216.33355 | Q8: 0
B9: License | C9: 681 | D9: =+P9-Q9 -> 863.28233 | E9: =+C9-D9 -> -182.28233 | J9: License | K9: 782 | L9: =+L15 -> 976.9316 | M9: =+K9-L9 -> -194.9316 | P9: 976.9316 | Q9: 113.64927
B10: 2. 실판매출 | C10: 19283 | D10: =+P10-Q10 -> 18533.787 | E10: =+C10-D10 -> 749.21276 | J10: 2. 실판매출 | K10: 21982 | L10: =+[1]미국연간!$AP$38/1000 -> 20809.183 | M10: =+K10-L10 -> 1172.8172 | P10: 20809.183 | Q10: 2275.3956
B11: Ecommerce (US) | C11: 16176 | D11: =+P11-Q17 -> 14735.653 | E11: =+C11-D11 -> 1440.3466 | J11: Ecommerce (US) | K11: 18728 | L11: =(+[1]미국연간!$AP$34)/1000 -> 15248.022 | M11: =+K11-L11 -> 3479.9784 | P11: 15248.022 | Q11: 1959.4419
B12: Ecommerce (EU) | C12: 749 | D12: =+P12-Q18 -> 1794.2884 | E12: =+C12-D12 -> -1045.2884 | J12: Ecommerce (EU) | K12: 827 | L12: =(+[1]미국연간!$AP$35)/1000 -> 1839.0432 | M12: =+K12-L12 -> -1012.0432 | P12: 1839.0432 | Q12: 176.15659
B13: Wholesale | C13: 1498 | D13: =+P13-Q19 -> 2480.5072 | E13: =+C13-D13 -> -982.50715 | J13: Wholesale | K13: 1514 | L13: =(+[1]미국연간!$AP$32)/1000 -> 2528.8529 | M13: =+K13-L13 -> -1014.8529 | P13: 2528.8529 | Q13: 26.14787
B14: Other Income | C14: 130 | D14: =+P14-Q20 -> 172.17544 | E14: =+C14-D14 -> -42.17544 | J14: Other Income | K14: 131 | L14: =(+[1]미국연간!$AP$37)/1000 -> 216.33355 | M14: =+K14-L14 -> -85.33355 | P14: 216.33355 | Q14: 0
B15: License | C15: 729 | D15: =+P15-Q21 -> -649.0684 | E15: =+C15-D15 -> 1378.0684 | J15: License | K15: 782 | L15: =(+[1]미국연간!$AP$31)/1000 -> 976.9316 | M15: =+K15-L15 -> -194.9316 | P15: 976.9316 | Q15: 113.64927
B16: 3. 매출원가 | C16: 7387 | D16: =+P16-Q16 -> 5987.7225 | E16: =+C16-D16 -> 1399.2775 | J16: 3. 매출원가 | K16: =+SUM(K17:K20) -> 8352 | L16: =(+[1]미국연간!$AP$46)/1000 -> 6637.3494 | M16: =+K16-L16 -> 1714.6506 | P16: 6637.3494 | Q16: 649.62688 | R16: =+Q16/Q4 -> 0.17618451
B17: Ecommerce (US) | C17: 6393 | D17: =+P17-Q17 -> 4061.7899 | E17: =+C17-D17 -> 2331.2101 | J17: Ecommerce (US) | K17: 7321 | L17: =(+[1]미국연간!$AP$43)/1000 -> 4574.1581 | M17: =+K17-L17 -> 2746.8419 | P17: 4574.1581 | Q17: 512.36818
B18: Ecommerce (EU) | C18: 285 | D18: =+P18-Q18 -> 382.82338 | E18: =+C18-D18 -> -97.82338 | J18: Ecommerce (EU) | K18: 315 | L18: =(+[1]미국연간!$AP$44)/1000 -> 427.57823 | M18: =+K18-L18 -> -112.57823 | P18: 427.57823 | Q18: 44.75485
B19: Wholesale | C19: 814 | D19: =+P19-Q19 -> 1195.6923 | E19: =+C19-D19 -> -381.69234 | J19: Wholesale | K19: 822 | L19: =(+[1]미국연간!$AP$42)/1000 -> 1244.0381 | M19: =+K19-L19 -> -422.03808 | P19: 1244.0381 | Q19: 48.34574
B20: Other Income | C20: -106 | D20: =+P20-Q20 -> 347.41687 | E20: =+C20-D20 -> -453.41687 | J20: Other Income | K20: -106 | L20: =(+[1]미국연간!$AP$45)/1000 -> 391.57498 | M20: =+K20-L20 -> -497.57498 | P20: 391.57498 | Q20: 44.15811
B21: 매출총이익 | C21: 11897 | D21: =+P21-Q21 -> 12545.833 | E21: =+C21-D21 -> -648.83344 | J21: 매출총이익 | K21: =+K10-K16 -> 13630 | L21: =(+[1]미국연간!$AP$49)/1000 -> 14171.833 | M21: =+K21-L21 -> -541.83344 | P21: 14171.833 | Q21: 1626
B22: 4. 직접비 | C22: 6810 | D22: =+P22-Q22 -> 6300.7753 | E22: =+C22-D22 -> 509.22473 | J22: 4. 직접비 | K22: =+SUM(K23:K27) -> 7726 | L22: =(+[1]미국연간!$AP$58)/1000 -> 7020.4569 | M22: =+K22-L22 -> 705.54313 | P22: 7020.4569 | Q22: 719.6816
B23: SEM광고비 | C23: 3153 | D23: =+P23-Q23 -> 2796.5765 | E23: =+C23-D23 -> 356.42355 | J23: SEM광고비 | K23: 3590 | L23: =(+[1]미국연간!$AP$56)/1000 -> 3145.1308 | M23: =+K23-L23 -> 444.86923 | P23: 3145.1308 | Q23: 348.55432
B24: 운반비 | C24: 893 | D24: =+P24-Q24 -> 1014.1752 | E24: =+C24-D24 -> -121.1752 | J24: 운반비 | K24: 1008 | L24: =(+[1]미국연간!$AP$52)/1000 -> 1128.5587 | M24: =+K24-L24 -> -120.55872 | P24: 1128.5587 | Q24: 114.38352
B25: 보관료 | C25: 1105 | D25: =+P25-Q25 -> 978.94957 | E25: =+C25-D25 -> 126.05043 | J25: 보관료 | K25: 1247 | L25: =(+[1]미국연간!$AP$53)/1000 -> 1061.477 | M25: =+K25-L25 -> 185.52303 | P25: 1061.477 | Q25: 82.5274
B26: 지급수수료 | C26: 1658 | D26: =+P26-Q26 -> 1511.0741 | E26: =+C26-D26 -> 146.92595 | J26: 지급수수료 | K26: 1881 | L26: =(+[1]미국연간!$AP$54)/1000 -> 1685.2904 | M26: =+K26-L26 -> 195.70959 | P26: 1685.2904 | Q26: 174.21636
B27: 기타비용 | C27: 0 | D27: =+P27-Q27 -> 0 | E27: =+C27-D27 -> 0 | J27: 기타비용 | L27: =(+[1]미국연간!$AP$57)/1000 -> 0 | M27: =+K27-L27 -> 0 | P27: 0 | Q27: 0
B28: 직접이익 | C28: 5087 | D28: =+P28-Q28 -> 6245.2894 | E28: =+C28-D28 -> -1158.2894 | J28: 직접이익 | K28: =+K21-K22 -> 5904 | L28: =(+[1]미국연간!$AP$59)/1000 -> 7151.3766 | M28: =+K28-L28 -> -1247.3766 | P28: 7151.3766 | Q28: 906.08712
B29: 5. 영업비 | C29: 6531 | D29: =+P29-Q29 -> 6063.8517 | E29: =+C29-D29 -> 467.14832 | J29: 5. 영업비 | K29: 7164 | L29: =(+[1]미국연간!$AP$74)/1000 -> 7068.9188 | M29: =+K29-L29 -> 95.08124 | P29: 7068.9188 | Q29: 1005.0671
B30: 급여 | C30: 3786 | D30: =+P30-Q30 -> 3843.3137 | E30: =+C30-D30 -> -57.31371 | J30: 급여 | K30: 4159 | L30: =(+[1]미국연간!$AP$62+[1]미국연간!$AP$63+[1]미국연간!$AP$64+[1]미국연간!$AP$65)/1000 -> 4119.7407 | M30: =+K30-L30 -> 39.2593 | P30: 4119.7407 | Q30: 276.42699
B31: 광고선전비 | C31: 929 | D31: =+P31-Q31 -> 582.27059 | E31: =+C31-D31 -> 346.72941 | J31: 광고선전비 | K31: 1015 | L31: =(+[1]미국연간!$AP$66)/1000 -> 698.47671 | M31: =+K31-L31 -> 316.52329 | P31: 698.47671 | Q31: 116.20612
B32: 출장비/식대 | C32: 61 | D32: =+P32-Q32 -> 122.05084 | E32: =+C32-D32 -> -61.05084 | J32: 출장비/식대 | K32: 74 | L32: =(+[1]미국연간!$AP$68)/1000 -> 136.16459 | M32: =+K32-L32 -> -62.16459 | P32: 136.16459 | Q32: 14.11375
B33: 사무실임차료 | C33: 275 | D33: =+P33-Q33 -> 287.08043 | E33: =+C33-D33 -> -12.08043 | J33: 사무실임차료 | K33: 296 | L33: =(+[1]미국연간!$AP$70)/1000 -> 295.37755 | M33: =+K33-L33 -> 0.62245 | P33: 295.37755 | Q33: 8.29712
B34: 샘플 | C34: 147 | D34: =+P34-Q34 -> 32.01915 | E34: =+C34-D34 -> 114.98085 | J34: 샘플 | K34: 167 | L34: =(+[1]미국연간!$AP$71)/1000 -> 158.71457 | M34: =+K34-L34 -> 8.28543 | P34: 158.71457 | Q34: 126.69542
B35: 지급수수료 | C35: 1098 | D35: =+P35-Q35 -> 967.99902 | E35: =+C35-D35 -> 130.00098 | J35: 지급수수료 | K35: 1171 | L35: =(+[1]미국연간!$AP$67)/1000 -> 1094.6944 | M35: =+K35-L35 -> 76.30556 | P35: 1094.6944 | Q35: 126.69542
B36: 기타비용 | C36: 198 | D36: =+P36-Q36 -> 83.81807 | E36: =+C36-D36 -> 114.18193 | J36: 기타비용 | K36: 235 | L36: =(+[1]미국연간!$AP$73)/1000 -> 518.20058 | M36: =+K36-L36 -> -283.20058 | P36: 518.20058 | Q36: 434.38251
B37: 감가상각비 | C37: 41 | D37: =+P37-Q37 -> 43.23111 | E37: =+C37-D37 -> -2.23111 | J37: 감가상각비 | K37: 47 | L37: =(+[1]미국연간!$AP$72)/1000 -> 47.54962 | M37: =+K37-L37 -> -0.54962 | P37: 47.54962 | Q37: 4.31851
B38: 영업이익 | C38: -1444 | D38: =+P38-Q38 -> 181.43777 | E38: =+C38-D38 -> -1625.4378 | J38: 영업이익 | K38: =+K28-K29 -> -1260 | L38: =(+[1]미국연간!$AP$75)/1000 -> 82.45781 | M38: =+K38-L38 -> -1342.4578 | P38: 82.45781 | Q38: -98.97996
B39: 24년 대비 영업이익 증감 | C39: -1624 | D39: =+P39-Q39 -> 0 | E39: =+C39-D39 -> -1624 | J39: 24년 대비 영업이익 증감 | K39: -1342
